{"schemaVersion":"1.0","appDefinitionTemplate":{"id":"/providers/Microsoft.PowerApps/apps/","type":"Microsoft.PowerApps/apps","tags":{"minimumRequiredApiVersion":"2.2.0"},"properties":{"appVersion":"2019-05-22T10:40:15Z","lifeCycleId":"Published","createdByClientVersion":{"major":3,"minor":19052,"build":16,"revision":0,"majorRevision":0,"minorRevision":0},"minClientVersion":{"major":3,"minor":19052,"build":16,"revision":0,"majorRevision":0,"minorRevision":0},"backgroundColor":"rgba(81, 92, 107, 1)","backgroundImageUri":"/1999028178419410382/Nc4da9317-af19-4f33-a057-30288a4edbb3-logoSmallFile","displayName":"PowerMaze","description":"Can you get to the end without hitting a wall?","appUris":{"documentUri":{"value":"/1999028178419410382/N04fd6e05-7322-451b-a4e3-32debf1c5299-document.msapp","readonlyValue":"/1999028178419410382/N04fd6e05-7322-451b-a4e3-32debf1c5299-document.msapp"},"imageUris":[]},"createdTime":"0001-01-01T00:00:00Z","lastModifiedTime":"0001-01-01T00:00:00Z","sharedGroupsCount":0,"sharedUsersCount":0,"icons":{"smallIconUri":"/1999028178419410382/Nee776a58-07e3-4f99-ac48-59a2b16b9b3f-small.png","mediumIconUri":"/1999028178419410382/N2c30013c-2450-4d89-968a-aaafcf5b0377-medium.png","largeIconUri":"/1999028178419410382/N52d14f96-d541-4640-bb5c-a9d2ff6143df-large.png","wideIconUri":"/1999028178419410382/Nf706ebff-d1c8-4e68-bae6-c65648173649-wide.png"},"connectionReferences":{},"almMode":"Environment"}}}